{"autoplayTransitionDelay":5,"author":"","timestamp":"2024-46-3 12:12:9","loopSlideshow":0,"filename":"Aken Kaye Malerei2 small","autoplayBuildDelay":2,"comment":"","title":"Aken Kaye Malerei2 small","showMode":0,"creator":"Apple Keynote 11.1","slideList":["AD3C22F2-B407-4466-8FF5-15C6A9D490E1","12366953-F30B-4C14-B95B-63394668D28F","78652EBD-E04C-4401-8C13-8280F66BBC36","F5762694-87AE-4742-9949-86F50BEAFB93","DB92383A-21EE-48C5-9F72-8132AF929DF7","4B787AD8-D2CA-4A27-A646-B533F81291A0","FAA76F90-43C8-4147-89AD-BDF817BC1739","114E500C-25AA-4968-9DD2-27BF53D94DAF","B4AFE5C5-184E-43D1-933F-587C973EAF62","732A1B4F-C67E-4C5E-BE07-CC91592E5DA5","313EF66D-59F7-4F01-BA1E-0942E49AEF5D","8E166CCE-75CC-4334-BB96-FE847652DBAE","4DD6E177-505F-44A3-A769-03B03C476C9F"],"soundtrack":{"mode":0,"volume":1},"slideWidth":1920,"slideHeight":1080,"slideCount":13,"majorVersion":1,"minorVersion":2,"fonts":["HelveticaNeue-Bold","HelveticaNeue-Medium","HelveticaNeue","BebasNeue-Bold","Helvetica","BebasNeue-Regular"]}